twelcome,traiano@gmail.com,Traiano,Welcome,no,ssh-rsa AAAAB3NzaC1yc2EAAAADAQABAAABAQDP4iuiU/lVnA+dNaNcCh/ZEvV3YKUqDCusjrfHdYUgX2N3Hw4Gz4UI7Go/AmyBIBkvqcrTs2l/EgtYR6LZew7aL23uYNOEMrg2gSYexPOr6NGC8FdZIBYmmJWL96gym7RckLGuxUKaP8MB/1W8UshSNYWz2iIW0SQCtMpWaZWCkIE/UC4UyTqw9zBIWVhCojIP5PinfdhrupCAr3L2hi3upGL0uyNIYn2hc7xulwgpjmgU9uFwVcsatVS195h0Ucs7A6Xyz4ocfqpMrHt7/DLmQULPop472Hr6oaRGrdsvZ2dznJMALJ1Fq0280Md1EzBc0WZF+ZUvaHH//0nud0dn,yes
jcone,one@gmail.com,Uno,Welcome,no,ssh-rsa AAAAB3NzaC1yc2EAAAADAQABAAABAQDP4iuiU/lVnA+dNaNcCh/ZEvV3YKUqDCusjrfHdYUgX2N3Hw4Gz4UI7Go/AmyBIBkvqcrTs2l/EgtYR6LZew7aL23uYNOEMrg2gSYexPOr6NGC8FdZIBYmmJWL96gym7RckLGuxUKaP8MB/1W8UshSNYWz2iIW0SQCtMpWaZWCkIE/UC4UyTqw9zBIWVhCojIP5PinfdhrupCAr3L2hi3upGL0uyNIYn2hc7xulwgpjmgU9uFwVcsatVS195h0Ucs7A6Xyz4ocfqpMrHt7/DLmQULPop472Hr6oaRGrdsvZ2dznJMALJ1Fq0280Md1EzBc0WZF+ZUvaHH//0nud0dn,yes
jctwo,two@gmail.com,Dos,Welcome,no,ssh-rsa AAAAB3NzaC1yc2EAAAADAQABAAABAQDP4iuiU/lVnA+dNaNcCh/ZEvV3YKUqDCusjrfHdYUgX2N3Hw4Gz4UI7Go/AmyBIBkvqcrTs2l/EgtYR6LZew7aL23uYNOEMrg2gSYexPOr6NGC8FdZIBYmmJWL96gym7RckLGuxUKaP8MB/1W8UshSNYWz2iIW0SQCtMpWaZWCkIE/UC4UyTqw9zBIWVhCojIP5PinfdhrupCAr3L2hi3upGL0uyNIYn2hc7xulwgpjmgU9uFwVcsatVS195h0Ucs7A6Xyz4ocfqpMrHt7/DLmQULPop472Hr6oaRGrdsvZ2dznJMALJ1Fq0280Md1EzBc0WZF+ZUvaHH//0nud0dn,yes
jcthree,three@gmail.com,Tres,Welcome,no,ssh-rsa AAAAB3NzaC1yc2EAAAADAQABAAABAQDP4iuiU/lVnA+dNaNcCh/ZEvV3YKUqDCusjrfHdYUgX2N3Hw4Gz4UI7Go/AmyBIBkvqcrTs2l/EgtYR6LZew7aL23uYNOEMrg2gSYexPOr6NGC8FdZIBYmmJWL96gym7RckLGuxUKaP8MB/1W8UshSNYWz2iIW0SQCtMpWaZWCkIE/UC4UyTqw9zBIWVhCojIP5PinfdhrupCAr3L2hi3upGL0uyNIYn2hc7xulwgpjmgU9uFwVcsatVS195h0Ucs7A6Xyz4ocfqpMrHt7/DLmQULPop472Hr6oaRGrdsvZ2dznJMALJ1Fq0280Md1EzBc0WZF+ZUvaHH//0nud0dn,yes
jcfour,four@gmail.com,Quattro,Welcome,no,ssh-rsa AAAAB3NzaC1yc2EAAAADAQABAAABAQDP4iuiU/lVnA+dNaNcCh/ZEvV3YKUqDCusjrfHdYUgX2N3Hw4Gz4UI7Go/AmyBIBkvqcrTs2l/EgtYR6LZew7aL23uYNOEMrg2gSYexPOr6NGC8FdZIBYmmJWL96gym7RckLGuxUKaP8MB/1W8UshSNYWz2iIW0SQCtMpWaZWCkIE/UC4UyTqw9zBIWVhCojIP5PinfdhrupCAr3L2hi3upGL0uyNIYn2hc7xulwgpjmgU9uFwVcsatVS195h0Ucs7A6Xyz4ocfqpMrHt7/DLmQULPop472Hr6oaRGrdsvZ2dznJMALJ1Fq0280Md1EzBc0WZF+ZUvaHH//0nud0dn,yes
jcfive,five@gmail.com,Cinque,Welcome,no,ssh-rsa AAAAB3NzaC1yc2EAAAADAQABAAABAQDP4iuiU/lVnA+dNaNcCh/ZEvV3YKUqDCusjrfHdYUgX2N3Hw4Gz4UI7Go/AmyBIBkvqcrTs2l/EgtYR6LZew7aL23uYNOEMrg2gSYexPOr6NGC8FdZIBYmmJWL96gym7RckLGuxUKaP8MB/1W8UshSNYWz2iIW0SQCtMpWaZWCkIE/UC4UyTqw9zBIWVhCojIP5PinfdhrupCAr3L2hi3upGL0uyNIYn2hc7xulwgpjmgU9uFwVcsatVS195h0Ucs7A6Xyz4ocfqpMrHt7/DLmQULPop472Hr6oaRGrdsvZ2dznJMALJ1Fq0280Md1EzBc0WZF+ZUvaHH//0nud0dn,yes
jcsix,six@gmail.com,Ses,Welcome,no,ssh-rsa AAAAB3NzaC1yc2EAAAADAQABAAABAQDP4iuiU/lVnA+dNaNcCh/ZEvV3YKUqDCusjrfHdYUgX2N3Hw4Gz4UI7Go/AmyBIBkvqcrTs2l/EgtYR6LZew7aL23uYNOEMrg2gSYexPOr6NGC8FdZIBYmmJWL96gym7RckLGuxUKaP8MB/1W8UshSNYWz2iIW0SQCtMpWaZWCkIE/UC4UyTqw9zBIWVhCojIP5PinfdhrupCAr3L2hi3upGL0uyNIYn2hc7xulwgpjmgU9uFwVcsatVS195h0Ucs7A6Xyz4ocfqpMrHt7/DLmQULPop472Hr6oaRGrdsvZ2dznJMALJ1Fq0280Md1EzBc0WZF+ZUvaHH//0nud0dn,yes
jcseven,seven@gmail.com,Sette,Welcome,no,ssh-rsa AAAAB3NzaC1yc2EAAAADAQABAAABAQDP4iuiU/lVnA+dNaNcCh/ZEvV3YKUqDCusjrfHdYUgX2N3Hw4Gz4UI7Go/AmyBIBkvqcrTs2l/EgtYR6LZew7aL23uYNOEMrg2gSYexPOr6NGC8FdZIBYmmJWL96gym7RckLGuxUKaP8MB/1W8UshSNYWz2iIW0SQCtMpWaZWCkIE/UC4UyTqw9zBIWVhCojIP5PinfdhrupCAr3L2hi3upGL0uyNIYn2hc7xulwgpjmgU9uFwVcsatVS195h0Ucs7A6Xyz4ocfqpMrHt7/DLmQULPop472Hr6oaRGrdsvZ2dznJMALJ1Fq0280Md1EzBc0WZF+ZUvaHH//0nud0dn,yes
jceight,eight@gmail.com,Otto,Welcome,yes,ssh-rsa AAAAB3NzaC1yc2EAAAADAQABAAABAQDP4iuiU/lVnA+dNaNcCh/ZEvV3YKUqDCusjrfHdYUgX2N3Hw4Gz4UI7Go/AmyBIBkvqcrTs2l/EgtYR6LZew7aL23uYNOEMrg2gSYexPOr6NGC8FdZIBYmmJWL96gym7RckLGuxUKaP8MB/1W8UshSNYWz2iIW0SQCtMpWaZWCkIE/UC4UyTqw9zBIWVhCojIP5PinfdhrupCAr3L2hi3upGL0uyNIYn2hc7xulwgpjmgU9uFwVcsatVS195h0Ucs7A6Xyz4ocfqpMrHt7/DLmQULPop472Hr6oaRGrdsvZ2dznJMALJ1Fq0280Md1EzBc0WZF+ZUvaHH//0nud0dn,yes
jcnine,nine@gmail.com,Nine,Welcome,yes,ssh-rsa AAAAB3NzaC1yc2EAAAADAQABAAABAQDP4iuiU/lVnA+dNaNcCh/ZEvV3YKUqDCusjrfHdYUgX2N3Hw4Gz4UI7Go/AmyBIBkvqcrTs2l/EgtYR6LZew7aL23uYNOEMrg2gSYexPOr6NGC8FdZIBYmmJWL96gym7RckLGuxUKaP8MB/1W8UshSNYWz2iIW0SQCtMpWaZWCkIE/UC4UyTqw9zBIWVhCojIP5PinfdhrupCAr3L2hi3upGL0uyNIYn2hc7xulwgpjmgU9uFwVcsatVS195h0Ucs7A6Xyz4ocfqpMrHt7/DLmQULPop472Hr6oaRGrdsvZ2dznJMALJ1Fq0280Md1EzBc0WZF+ZUvaHH//0nud0dn,yes
